{"cameraMode":{"drawMode":0,"name":"Shaded","section":"Shading Mode"},"sceneLighting":false,"audioPlay":false,"sceneViewState":{"showFog":true,"showMaterialUpdate":false,"showSkybox":true,"showFlares":true,"showImageEffects":true,"showParticleSystems":true},"in2DMode":false,"pivot":{"x":5.596325397491455,"y":7.034897327423096,"z":-4.260004043579102},"rotation":{"x":-0.09910055249929428,"y":-0.7284389138221741,"z":0.10785616934299469,"w":-0.669270396232605},"size":223.6696319580078,"orthographic":false}