{"cameraMode":{"drawMode":0,"name":"Shaded","section":"Shading Mode"},"sceneLighting":false,"audioPlay":false,"sceneViewState":{"showFog":true,"showMaterialUpdate":false,"showSkybox":true,"showFlares":true,"showImageEffects":true,"showParticleSystems":true},"in2DMode":false,"pivot":{"x":5.385398864746094,"y":6.059900283813477,"z":-5.051448822021484},"rotation":{"x":-0.19009076058864594,"y":0.8081626892089844,"z":-0.42259904742240908,"w":-0.3635225296020508},"size":106.83531188964844,"orthographic":false}