{"cameraMode":{"drawMode":0,"name":"Shaded","section":"Shading Mode"},"sceneLighting":true,"audioPlay":false,"sceneViewState":{"showFog":false,"showMaterialUpdate":false,"showSkybox":false,"showFlares":false,"showImageEffects":false,"showParticleSystems":false},"in2DMode":false,"pivot":{"x":7.909999847412109,"y":2.1399998664855959,"z":-4.055000305175781},"rotation":{"x":0.10612887144088745,"y":-0.32395946979522707,"z":0.036601949483156207,"w":0.9393866658210754},"size":5.419028282165527,"orthographic":false}